Time, Counts, MPL Altitude (m), GPS Altitude (m), Pressure (hPa), RTC Temperature (C), MPL Temperature (C)
11:4:11, 32, 1457.81, REMOVED FOR THIS FLIGHT, 850.12, 12.75, 13.00
11:5:12, 28, 1457.88, REMOVED FOR THIS FLIGHT, 850.09, 13.00, 13.06
11:6:12, 24, 1457.75, REMOVED FOR THIS FLIGHT, 850.10, 13.00, 13.06
11:7:13, 39, 1457.63, REMOVED FOR THIS FLIGHT, 850.15, 13.25, 13.13
11:8:13, 38, 1457.94, REMOVED FOR THIS FLIGHT, 850.04, 13.25, 13.19
11:9:14, 41, 1457.94, REMOVED FOR THIS FLIGHT, 850.13, 13.25, 13.25
11:10:14, 31, 1457.94, REMOVED FOR THIS FLIGHT, 850.08, 13.50, 13.38
11:11:15, 27, 1457.88, REMOVED FOR THIS FLIGHT, 850.13, 13.50, 13.44
11:12:15, 37, 1457.63, REMOVED FOR THIS FLIGHT, 850.10, 13.50, 13.44
11:13:16, 27, 1457.81, REMOVED FOR THIS FLIGHT, 850.09, 13.50, 13.50
11:14:17, 40, 1458.00, REMOVED FOR THIS FLIGHT, 850.09, 13.50, 13.56
11:15:17, 34, 1458.25, REMOVED FOR THIS FLIGHT, 850.04, 13.50, 13.63
11:16:18, 31, 1458.31, REMOVED FOR THIS FLIGHT, 849.99, 13.75, 13.69
11:17:18, 26, 1459.56, REMOVED FOR THIS FLIGHT, 849.96, 13.75, 13.69
11:18:19, 37, 1459.69, REMOVED FOR THIS FLIGHT, 849.87, 13.75, 13.75
11:19:19, 33, 1459.88, REMOVED FOR THIS FLIGHT, 849.91, 13.75, 13.94
11:20:20, 31, 1459.94, REMOVED FOR THIS FLIGHT, 849.89, 14.00, 14.06
11:21:20, 24, 1466.44, REMOVED FOR THIS FLIGHT, 849.18, 14.00, 14.19
11:22:21, 25, 1477.00, REMOVED FOR THIS FLIGHT, 847.99, 14.25, 14.38
11:23:21, 27, 1773.69, REMOVED FOR THIS FLIGHT, 817.47, 14.50, 14.50
11:24:22, 22, 2110.75, REMOVED FOR THIS FLIGHT, 784.02, 14.50, 14.69
11:25:22, 34, 2403.50, REMOVED FOR THIS FLIGHT, 755.84, 14.75, 14.75
11:26:23, 25, 2698.69, REMOVED FOR THIS FLIGHT, 728.30, 14.75, 14.81
11:27:23, 28, 3027.69, REMOVED FOR THIS FLIGHT, 698.56, 14.75, 14.88
11:28:24, 34, 3319.19, REMOVED FOR THIS FLIGHT, 673.07, 14.75, 14.94
11:29:24, 28, 3620.06, REMOVED FOR THIS FLIGHT, 647.54, 14.75, 14.94
11:30:25, 37, 3931.19, REMOVED FOR THIS FLIGHT, 621.90, 14.75, 14.94
11:31:26, 31, 4244.81, REMOVED FOR THIS FLIGHT, 596.91, 14.75, 14.94
11:32:26, 65, 4589.75, REMOVED FOR THIS FLIGHT, 570.39, 14.75, 14.88
11:33:27, 53, 4902.44, REMOVED FOR THIS FLIGHT, 547.21, 14.50, 14.81
11:34:27, 64, 5262.12, REMOVED FOR THIS FLIGHT, 521.36, 14.50, 14.69
11:35:28, 75, 5598.94, REMOVED FOR THIS FLIGHT, 498.09, 14.25, 14.56
11:36:28, 91, 5933.25, REMOVED FOR THIS FLIGHT, 475.91, 14.00, 14.44
11:37:29, 86, 6245.25, REMOVED FOR THIS FLIGHT, 455.72, 13.75, 14.25
11:38:29, 104, 6540.94, REMOVED FOR THIS FLIGHT, 437.41, 13.50, 14.00
11:39:30, 115, 6851.94, REMOVED FOR THIS FLIGHT, 418.67, 13.25, 13.75
11:40:30, 117, 7164.62, REMOVED FOR THIS FLIGHT, 400.41, 12.75, 13.50
11:41:31, 123, 7475.62, REMOVED FOR THIS FLIGHT, 382.83, 12.50, 13.19
11:42:31, 161, 7791.81, REMOVED FOR THIS FLIGHT, 365.67, 12.00, 12.88
11:43:32, 171, 8086.37, REMOVED FOR THIS FLIGHT, 350.14, 11.75, 12.50
11:44:32, 196, 8381.50, REMOVED FOR THIS FLIGHT, 335.00, 11.25, 12.19
11:45:33, 218, 8696.62, REMOVED FOR THIS FLIGHT, 319.34, 11.25, 11.75
11:46:33, 223, 8994.25, REMOVED FOR THIS FLIGHT, 305.07, 10.75, 11.31
11:47:34, 238, 9302.75, REMOVED FOR THIS FLIGHT, 290.67, 10.00, 10.88
11:48:35, 266, 9584.44, REMOVED FOR THIS FLIGHT, 277.93, 9.50, 10.38
11:49:35, 250, 9873.56, REMOVED FOR THIS FLIGHT, 265.25, 9.00, 9.81
11:50:36, 308, 10110.37, REMOVED FOR THIS FLIGHT, 255.14, 8.25, 9.25
11:51:36, 330, 10340.25, REMOVED FOR THIS FLIGHT, 245.51, 7.50, 8.69
11:52:37, 374, 10567.50, REMOVED FOR THIS FLIGHT, 236.20, 7.00, 8.06
11:53:37, 380, 10789.44, REMOVED FOR THIS FLIGHT, 227.34, 6.25, 7.50
11:54:38, 415, 11033.06, REMOVED FOR THIS FLIGHT, 217.85, 5.50, 6.81
11:55:38, 397, 11248.19, REMOVED FOR THIS FLIGHT, 209.57, 4.75, 6.13
11:56:39, 417, 11528.62, REMOVED FOR THIS FLIGHT, 199.08, 4.00, 5.44
11:57:39, 447, 11741.81, REMOVED FOR THIS FLIGHT, 191.34, 3.25, 4.69
11:58:40, 491, 11941.19, REMOVED FOR THIS FLIGHT, 184.15, 2.25, 4.00
11:59:40, 486, 12137.06, REMOVED FOR THIS FLIGHT, 177.27, 1.50, 3.25
12:0:41, 501, 12052.50, REMOVED FOR THIS FLIGHT, 170.45, 0.75, 2.50
12:1:42, 505, 12237.87, REMOVED FOR THIS FLIGHT, 164.12, 0.00, 1.75
12:2:42, 530, 12439.62, REMOVED FOR THIS FLIGHT, 157.41, 255.25, 1.00
12:3:43, 552, 12595.94, REMOVED FOR THIS FLIGHT, 152.28, 254.50, 0.25
12:4:43, 508, 12764.12, REMOVED FOR THIS FLIGHT, 146.79, 254.50, -0.50
12:5:44, 577, 12980.81, REMOVED FOR THIS FLIGHT, 139.86, 253.75, -1.31
12:6:44, 557, 13192.87, REMOVED FOR THIS FLIGHT, 133.24, 252.75, -2.06
12:7:45, 592, 13416.87, REMOVED FOR THIS FLIGHT, 126.36, 252.00, -2.81
12:8:46, 597, 13629.12, REMOVED FOR THIS FLIGHT, 119.94, 251.25, -3.56
12:9:46, 595, 13812.81, REMOVED FOR THIS FLIGHT, 114.50, 250.50, -4.38
12:10:47, 575, 13980.56, REMOVED FOR THIS FLIGHT, 109.58, 249.50, -5.13
12:11:47, 628, 14146.62, REMOVED FOR THIS FLIGHT, 104.79, 248.75, -5.88
12:12:48, 670, 14315.69, REMOVED FOR THIS FLIGHT, 99.95, 248.00, -6.69
12:13:48, 637, 14501.94, REMOVED FOR THIS FLIGHT, 94.74, 247.00, -7.44
12:14:49, 664, 14679.06, REMOVED FOR THIS FLIGHT, 89.82, 246.25, -8.25
12:15:50, 630, 14832.12, REMOVED FOR THIS FLIGHT, 85.66, 245.50, -9.06
12:16:50, 645, 14976.37, REMOVED FOR THIS FLIGHT, 81.73, 244.50, -9.81
12:17:51, 684, 15126.06, REMOVED FOR THIS FLIGHT, 77.75, 243.75, -10.63
12:18:51, 630, 15263.56, REMOVED FOR THIS FLIGHT, 74.11, 243.00, -11.44
12:19:52, 653, 15384.56, REMOVED FOR THIS FLIGHT, 70.96, 242.25, -12.19
12:20:52, 670, 15503.19, REMOVED FOR THIS FLIGHT, 67.91, 241.25, -13.00
12:21:53, 645, 15622.75, REMOVED FOR THIS FLIGHT, 64.82, 240.50, -13.75
12:22:54, 608, 15735.69, REMOVED FOR THIS FLIGHT, 61.96, 240.50, -14.50
12:23:54, 635, 15831.62, REMOVED FOR THIS FLIGHT, 59.54, 239.75, -15.19
12:24:55, 581, 15923.12, REMOVED FOR THIS FLIGHT, 57.24, 239.00, -15.94
12:25:55, 649, 16012.50, REMOVED FOR THIS FLIGHT, 55.01, 238.50, -16.62
12:26:56, 596, 16094.75, REMOVED FOR THIS FLIGHT, 52.97, 237.75, -17.31
12:27:56, 626, 16177.31, REMOVED FOR THIS FLIGHT, 50.96, 237.00, -18.00
12:28:57, 632, 16254.31, REMOVED FOR THIS FLIGHT, 49.06, 236.50, -18.62
12:29:58, 585, 16062.31, REMOVED FOR THIS FLIGHT, 46.87, 235.75, -19.25
12:30:58, 654, 16141.75, REMOVED FOR THIS FLIGHT, 44.96, 235.25, -19.81
12:31:59, 570, 16209.69, REMOVED FOR THIS FLIGHT, 43.35, 234.75, -20.44
12:32:59, 634, 16284.37, REMOVED FOR THIS FLIGHT, 41.54, 234.00, -21.00
12:34:0, 608, 16358.37, REMOVED FOR THIS FLIGHT, 39.80, 233.50, -21.56
12:35:0, 563, 16423.31, REMOVED FOR THIS FLIGHT, 38.26, 233.00, -22.12
12:36:1, 606, 16495.13, REMOVED FOR THIS FLIGHT, 36.56, 232.50, -22.69
12:37:2, 588, 16559.56, REMOVED FOR THIS FLIGHT, 35.05, 232.00, -23.19
12:38:2, 556, 16627.75, REMOVED FOR THIS FLIGHT, 33.43, 231.50, -23.69
12:39:3, 587, 16682.75, REMOVED FOR THIS FLIGHT, 32.14, 230.75, -24.19
12:40:3, 571, 16735.56, REMOVED FOR THIS FLIGHT, 30.93, 230.25, -24.69
12:41:4, 539, 16788.94, REMOVED FOR THIS FLIGHT, 29.72, 229.75, -25.19
12:42:5, 508, 16843.69, REMOVED FOR THIS FLIGHT, 28.44, 229.75, -25.69
12:43:5, 520, 16893.56, REMOVED FOR THIS FLIGHT, 27.30, 229.25, -26.19
12:44:6, 534, 16946.00, REMOVED FOR THIS FLIGHT, 26.14, 228.75, -26.62
12:45:6, 480, 16994.88, REMOVED FOR THIS FLIGHT, 25.00, 228.25, -27.12
12:46:7, 494, 17039.19, REMOVED FOR THIS FLIGHT, 23.98, 227.75, -27.50
12:47:7, 519, 17082.13, REMOVED FOR THIS FLIGHT, 23.03, 227.50, -28.00
12:48:8, 458, 17120.69, REMOVED FOR THIS FLIGHT, 22.18, 227.00, -28.44
12:49:9, 486, 17156.50, REMOVED FOR THIS FLIGHT, 21.36, 226.50, -28.81
12:50:9, 494, 17192.31, REMOVED FOR THIS FLIGHT, 20.58, 226.25, -29.19
12:51:10, 502, 17229.38, REMOVED FOR THIS FLIGHT, 19.75, 225.75, -29.56
12:52:10, 449, 17262.75, REMOVED FOR THIS FLIGHT, 19.00, 225.25, -29.94
12:53:11, 484, 17298.44, REMOVED FOR THIS FLIGHT, 18.19, 225.00, -30.31
12:54:12, 456, 17331.63, REMOVED FOR THIS FLIGHT, 17.45, 224.75, -30.69
12:55:12, 462, 17362.06, REMOVED FOR THIS FLIGHT, 16.78, 224.50, -31.00
12:56:13, 490, 17393.31, REMOVED FOR THIS FLIGHT, 16.09, 224.00, -31.31
12:57:13, 460, 17418.81, REMOVED FOR THIS FLIGHT, 15.53, 223.75, -31.62
12:58:14, 420, 17441.81, REMOVED FOR THIS FLIGHT, 14.99, 223.50, -31.87
12:59:14, 470, 17464.38, REMOVED FOR THIS FLIGHT, 14.51, 223.25, -32.13
13:0:15, 450, 17484.94, REMOVED FOR THIS FLIGHT, 14.09, 223.00, -32.44
13:1:16, 445, 17504.50, REMOVED FOR THIS FLIGHT, 13.64, 223.00, -32.63
13:2:16, 405, 17526.69, REMOVED FOR THIS FLIGHT, 13.16, 222.75, -32.88
13:3:17, 392, 17549.44, REMOVED FOR THIS FLIGHT, 12.63, 222.75, -33.06
13:4:17, 379, 17356.56, REMOVED FOR THIS FLIGHT, 16.93, 222.50, -33.31
13:5:18, 495, 17044.38, REMOVED FOR THIS FLIGHT, 23.92, 222.25, -33.50
13:6:19, 542, 16683.38, REMOVED FOR THIS FLIGHT, 32.21, 222.00, -33.69
13:7:19, 586, 16260.94, REMOVED FOR THIS FLIGHT, 42.14, 222.00, -33.88
13:8:20, 628, 16064.00, REMOVED FOR THIS FLIGHT, 53.82, 221.75, -34.06
13:9:20, 714, 15559.12, REMOVED FOR THIS FLIGHT, 66.58, 221.50, -34.25
13:10:21, 741, 14978.81, REMOVED FOR THIS FLIGHT, 81.91, 221.50, -34.50
13:11:22, 725, 14373.19, REMOVED FOR THIS FLIGHT, 98.52, 221.25, -34.81
13:12:22, 710, 13757.25, REMOVED FOR THIS FLIGHT, 116.31, 221.00, -35.06
13:13:23, 644, 13115.06, REMOVED FOR THIS FLIGHT, 135.87, 220.50, -35.38
13:14:23, 581, 12468.87, REMOVED FOR THIS FLIGHT, 156.58, 220.25, -35.75
13:15:24, 586, 12106.00, REMOVED FOR THIS FLIGHT, 178.51, 219.75, -36.06
13:16:25, 508, 11467.62, REMOVED FOR THIS FLIGHT, 201.53, 219.50, -36.44
13:17:25, 431, 10833.25, REMOVED FOR THIS FLIGHT, 225.84, 219.25, -36.81
13:18:26, 401, 10178.81, REMOVED FOR THIS FLIGHT, 252.45, 219.00, -37.06
13:19:26, 321, 9524.37, REMOVED FOR THIS FLIGHT, 280.87, 218.75, -37.38
13:20:27, 264, 8898.87, REMOVED FOR THIS FLIGHT, 309.94, 218.75, -37.63
13:21:27, 221, 8282.50, REMOVED FOR THIS FLIGHT, 340.26, 218.50, -37.88
13:22:28, 189, 7696.50, REMOVED FOR THIS FLIGHT, 371.04, 218.50, -38.00
13:23:29, 150, 7133.56, REMOVED FOR THIS FLIGHT, 402.55, 218.75, -38.13
13:24:29, 133, 6572.37, REMOVED FOR THIS FLIGHT, 435.83, 218.75, -38.13
13:25:30, 100, 6038.19, REMOVED FOR THIS FLIGHT, 469.45, 219.00, -38.06
13:26:30, 82, 5506.31, REMOVED FOR THIS FLIGHT, 504.87, 219.50, -37.88
13:27:31, 80, 5013.06, REMOVED FOR THIS FLIGHT, 539.65, 219.75, -37.63
13:28:32, 66, 4542.69, REMOVED FOR THIS FLIGHT, 574.44, 220.25, -37.31
13:29:32, 46, 4088.81, REMOVED FOR THIS FLIGHT, 609.70, 221.00, -37.00
13:30:33, 36, 3585.94, REMOVED FOR THIS FLIGHT, 650.75, 221.75, -36.44
13:31:33, 48, 3079.81, REMOVED FOR THIS FLIGHT, 694.48, 222.50, -35.88
13:32:34, 34, 2594.44, REMOVED FOR THIS FLIGHT, 738.34, 223.25, -35.25
13:33:35, 20, 2118.81, REMOVED FOR THIS FLIGHT, 783.74, 224.25, -34.63
13:34:35, 31, 1638.13, REMOVED FOR THIS FLIGHT, 831.75, 225.25, -33.81
13:35:36, 26, 1175.25, REMOVED FOR THIS FLIGHT, 880.27, 226.25, -33.06
13:36:36, 40, 1135.00, REMOVED FOR THIS FLIGHT, 884.28, 226.75, -32.13
13:37:37, 22, 1136.94, REMOVED FOR THIS FLIGHT, 884.04, 227.75, -31.19
13:38:38, 23, 1139.81, REMOVED FOR THIS FLIGHT, 883.73, 227.75, -30.12
13:39:38, 27, 1139.38, REMOVED FOR THIS FLIGHT, 883.81, 228.75, -29.06
13:40:39, 22, 1140.69, REMOVED FOR THIS FLIGHT, 883.63, 229.75, -28.00
13:41:39, 25, 1143.63, REMOVED FOR THIS FLIGHT, 883.32, 231.00, -26.87
13:42:40, 25, 1144.06, REMOVED FOR THIS FLIGHT, 883.28, 232.00, -25.75
13:43:40, 21, 1146.63, REMOVED FOR THIS FLIGHT, 883.07, 233.00, -24.62
13:44:41, 25, 1147.94, REMOVED FOR THIS FLIGHT, 882.90, 234.00, -23.50
13:45:42, 24, 1150.63, REMOVED FOR THIS FLIGHT, 882.62, 235.00, -22.44
13:46:42, 24, 1151.44, REMOVED FOR THIS FLIGHT, 882.49, 236.00, -21.31
13:47:43, 20, 1152.25, REMOVED FOR THIS FLIGHT, 882.49, 237.00, -20.25
13:48:43, 40, 1153.88, REMOVED FOR THIS FLIGHT, 882.24, 238.00, -19.19
13:49:44, 25, 1154.00, REMOVED FOR THIS FLIGHT, 882.11, 239.00, -18.19
13:50:45, 23, 1155.50, REMOVED FOR THIS FLIGHT, 882.05, 239.75, -17.19
13:51:45, 27, 1157.25, REMOVED FOR THIS FLIGHT, 881.88, 240.75, -16.19
13:52:46, 24, 1156.75, REMOVED FOR THIS FLIGHT, 881.92, 241.75, -15.25
13:53:46, 30, 1157.63, REMOVED FOR THIS FLIGHT, 881.80, 242.50, -14.31
13:54:47, 19, 1159.56, REMOVED FOR THIS FLIGHT, 881.66, 243.50, -13.44
13:55:47, 19, 1159.00, REMOVED FOR THIS FLIGHT, 881.72, 244.25, -12.56
13:56:48, 25, 1160.38, REMOVED FOR THIS FLIGHT, 881.51, 245.00, -11.69
13:57:49, 31, 1160.50, REMOVED FOR THIS FLIGHT, 881.54, 245.00, -10.88
13:58:49, 20, 1162.13, REMOVED FOR THIS FLIGHT, 881.29, 246.00, -10.00
13:59:50, 28, 1163.31, REMOVED FOR THIS FLIGHT, 881.28, 246.75, -9.19
14:0:50, 19, 1163.75, REMOVED FOR THIS FLIGHT, 881.20, 247.50, -8.44
14:1:51, 24, 1163.19, REMOVED FOR THIS FLIGHT, 881.23, 248.25, -7.63
14:2:51, 14, 1163.63, REMOVED FOR THIS FLIGHT, 881.13, 249.25, -6.88
14:3:52, 12, 1163.31, REMOVED FOR THIS FLIGHT, 881.16, 250.00, -6.13
14:4:53, 21, 1165.94, REMOVED FOR THIS FLIGHT, 880.97, 250.75, -5.38
14:5:53, 26, 1166.06, REMOVED FOR THIS FLIGHT, 880.94, 251.25, -4.69
14:6:54, 25, 1165.56, REMOVED FOR THIS FLIGHT, 880.94, 252.00, -4.00
14:7:54, 37, 1168.31, REMOVED FOR THIS FLIGHT, 880.75, 252.75, -3.25
14:8:55, 15, 1168.63, REMOVED FOR THIS FLIGHT, 880.70, 253.50, -2.56
14:9:55, 30, 1168.88, REMOVED FOR THIS FLIGHT, 880.65, 254.25, -1.94
14:10:56, 22, 1169.31, REMOVED FOR THIS FLIGHT, 880.58, 255.00, -1.25
14:11:57, 25, 1169.81, REMOVED FOR THIS FLIGHT, 880.54, 255.50, -0.63
14:12:57, 20, 1169.88, REMOVED FOR THIS FLIGHT, 880.44, 0.25, 0.06
14:13:58, 28, 1170.75, REMOVED FOR THIS FLIGHT, 880.41, 0.75, 0.63
14:14:58, 25, 1170.50, REMOVED FOR THIS FLIGHT, 880.35, 1.50, 1.25
14:15:59, 21, 1173.13, REMOVED FOR THIS FLIGHT, 880.17, 2.25, 1.88
14:16:59, 20, 1171.44, REMOVED FOR THIS FLIGHT, 880.30, 2.25, 2.44
14:18:0, 25, 1171.31, REMOVED FOR THIS FLIGHT, 880.32, 2.75, 3.06
14:19:1, 23, 1171.25, REMOVED FOR THIS FLIGHT, 880.39, 3.50, 3.63
14:20:1, 28, 1171.31, REMOVED FOR THIS FLIGHT, 880.35, 4.00, 4.19
14:21:2, 23, 1171.06, REMOVED FOR THIS FLIGHT, 880.38, 4.50, 4.69
14:22:2, 20, 1172.19, REMOVED FOR THIS FLIGHT, 880.28, 5.00, 5.19
14:23:3, 19, 1172.13, REMOVED FOR THIS FLIGHT, 880.30, 5.50, 5.69
14:24:3, 25, 1171.94, REMOVED FOR THIS FLIGHT, 880.28, 6.00, 6.13
14:25:4, 17, 1172.25, REMOVED FOR THIS FLIGHT, 880.27, 6.50, 6.56
14:26:4, 29, 1171.44, REMOVED FOR THIS FLIGHT, 880.31, 7.00, 7.00
14:27:5, 13, 1172.81, REMOVED FOR THIS FLIGHT, 880.18, 7.50, 7.44
14:28:6, 32, 1172.50, REMOVED FOR THIS FLIGHT, 880.28, 8.00, 7.88
14:29:6, 26, 1171.31, REMOVED FOR THIS FLIGHT, 880.37, 8.50, 8.31
14:30:7, 22, 1172.69, REMOVED FOR THIS FLIGHT, 880.20, 9.00, 8.75
14:31:7, 25, 1173.25, REMOVED FOR THIS FLIGHT, 880.16, 9.50, 9.19
14:32:8, 26, 1173.25, REMOVED FOR THIS FLIGHT, 880.26, 10.00, 9.69
14:33:8, 28, 1173.06, REMOVED FOR THIS FLIGHT, 880.15, 10.50, 10.13
14:34:9, 24, 1173.19, REMOVED FOR THIS FLIGHT, 880.18, 11.00, 10.56
14:35:9, 19, 1172.31, REMOVED FOR THIS FLIGHT, 880.23, 11.00, 11.00
14:36:10, 25, 1172.75, REMOVED FOR THIS FLIGHT, 880.17, 11.50, 11.44
14:37:10, 21, 1173.63, REMOVED FOR THIS FLIGHT, 880.05, 11.75, 11.81
14:38:11, 16, 1173.13, REMOVED FOR THIS FLIGHT, 880.13, 12.25, 12.19
14:39:11, 18, 1174.38, REMOVED FOR THIS FLIGHT, 880.04, 12.50, 12.50
14:40:12, 24, 1173.69, REMOVED FOR THIS FLIGHT, 880.13, 13.00, 12.88
14:41:12, 20, 1173.13, REMOVED FOR THIS FLIGHT, 880.19, 13.25, 13.19
14:42:13, 20, 1173.31, REMOVED FOR THIS FLIGHT, 880.17, 13.75, 13.56
14:43:14, 20, 1174.31, REMOVED FOR THIS FLIGHT, 880.05, 14.00, 13.88
14:44:14, 23, 1174.31, REMOVED FOR THIS FLIGHT, 880.09, 14.50, 14.25
14:45:15, 16, 1174.31, REMOVED FOR THIS FLIGHT, 880.05, 14.75, 14.63
14:46:15, 29, 1173.94, REMOVED FOR THIS FLIGHT, 880.10, 15.25, 14.94
14:47:16, 16, 1174.38, REMOVED FOR THIS FLIGHT, 880.01, 15.50, 15.25
14:48:16, 23, 1174.88, REMOVED FOR THIS FLIGHT, 879.97, 15.75, 15.63
14:49:17, 23, 1175.50, REMOVED FOR THIS FLIGHT, 879.92, 16.25, 15.94
14:50:17, 22, 1174.75, REMOVED FOR THIS FLIGHT, 879.95, 16.50, 16.25
14:51:18, 22, 1175.19, REMOVED FOR THIS FLIGHT, 879.95, 16.75, 16.56
14:52:18, 23, 1174.94, REMOVED FOR THIS FLIGHT, 880.01, 17.00, 16.87
14:53:19, 16, 1175.06, REMOVED FOR THIS FLIGHT, 880.00, 17.25, 17.12
14:54:19, 25, 1175.44, REMOVED FOR THIS FLIGHT, 879.94, 17.25, 17.37
14:55:20, 19, 1175.56, REMOVED FOR THIS FLIGHT, 879.87, 17.50, 17.62
14:56:20, 27, 1175.38, REMOVED FOR THIS FLIGHT, 879.95, 17.75, 17.87
14:57:21, 16, 1175.81, REMOVED FOR THIS FLIGHT, 879.90, 18.00, 18.06
14:58:22, 23, 1175.81, REMOVED FOR THIS FLIGHT, 879.86, 18.25, 18.25
14:59:22, 30, 1175.69, REMOVED FOR THIS FLIGHT, 879.91, 18.50, 18.50
15:0:23, 12, 1176.44, REMOVED FOR THIS FLIGHT, 879.82, 18.75, 18.69
15:1:23, 16, 1176.56, REMOVED FOR THIS FLIGHT, 879.79, 19.00, 18.94
15:2:24, 23, 1177.19, REMOVED FOR THIS FLIGHT, 879.67, 19.25, 19.19
15:3:24, 20, 1177.50, REMOVED FOR THIS FLIGHT, 879.66, 19.75, 19.44
15:4:25, 21, 1177.38, REMOVED FOR THIS FLIGHT, 879.70, 20.00, 19.69
15:5:25, 20, 1178.19, REMOVED FOR THIS FLIGHT, 879.60, 20.25, 19.94
15:6:26, 31, 1178.88, REMOVED FOR THIS FLIGHT, 879.54, 20.50, 20.19
15:7:26, 33, 1177.88, REMOVED FOR THIS FLIGHT, 879.61, 20.75, 20.44
15:8:27, 15, 1177.44, REMOVED FOR THIS FLIGHT, 879.73, 20.75, 20.69
15:9:27, 16, 1176.38, REMOVED FOR THIS FLIGHT, 879.83, 21.00, 20.87
15:10:28, 32, 1177.00, REMOVED FOR THIS FLIGHT, 879.73, 21.25, 21.06
15:11:28, 26, 1176.81, REMOVED FOR THIS FLIGHT, 879.71, 21.25, 21.25
15:12:29, 21, 1177.56, REMOVED FOR THIS FLIGHT, 879.70, 21.25, 21.44
15:13:29, 18, 1178.00, REMOVED FOR THIS FLIGHT, 879.67, 21.50, 21.56
15:14:30, 16, 1177.75, REMOVED FOR THIS FLIGHT, 879.64, 21.75, 21.81
15:15:31, 17, 1178.94, REMOVED FOR THIS FLIGHT, 879.57, 22.00, 22.00
15:16:31, 12, 1179.19, REMOVED FOR THIS FLIGHT, 879.50, 22.25, 22.19
15:17:32, 19, 1179.19, REMOVED FOR THIS FLIGHT, 879.53, 22.50, 22.37
15:18:32, 20, 1178.69, REMOVED FOR THIS FLIGHT, 879.58, 22.75, 22.62
15:19:33, 26, 1178.00, REMOVED FOR THIS FLIGHT, 879.63, 22.75, 22.81
15:20:33, 20, 1178.19, REMOVED FOR THIS FLIGHT, 879.64, 23.00, 23.00
15:21:34, 20, 1178.50, REMOVED FOR THIS FLIGHT, 879.57, 23.25, 23.19
15:22:34, 24, 1179.38, REMOVED FOR THIS FLIGHT, 879.50, 23.50, 23.31
15:23:35, 20, 1179.75, REMOVED FOR THIS FLIGHT, 879.53, 23.50, 23.50
15:24:35, 24, 1179.00, REMOVED FOR THIS FLIGHT, 879.50, 24.00, 23.62
15:25:36, 30, 1179.19, REMOVED FOR THIS FLIGHT, 879.51, 24.00, 23.75
15:26:36, 19, 1178.75, REMOVED FOR THIS FLIGHT, 879.61, 24.50, 23.87
15:27:37, 23, 1179.38, REMOVED FOR THIS FLIGHT, 879.50, 24.50, 23.94
15:28:37, 19, 1179.56, REMOVED FOR THIS FLIGHT, 879.44, 24.50, 24.06
15:29:38, 21, 1180.31, REMOVED FOR THIS FLIGHT, 879.45, 24.75, 24.12
15:30:38, 20, 1180.31, REMOVED FOR THIS FLIGHT, 879.42, 24.75, 24.19
15:31:39, 24, 1180.19, REMOVED FOR THIS FLIGHT, 879.44, 24.75, 24.25
15:32:40, 15, 1180.38, REMOVED FOR THIS FLIGHT, 879.39, 25.00, 24.37
15:33:40, 22, 1180.88, REMOVED FOR THIS FLIGHT, 879.37, 25.00, 24.50
15:34:41, 25, 1181.44, REMOVED FOR THIS FLIGHT, 879.30, 25.00, 24.56
15:35:41, 23, 1181.13, REMOVED FOR THIS FLIGHT, 879.30, 25.25, 24.69
15:36:42, 25, 1181.25, REMOVED FOR THIS FLIGHT, 879.33, 25.25, 24.81
15:37:42, 21, 1180.63, REMOVED FOR THIS FLIGHT, 879.38, 25.50, 24.94
15:38:43, 22, 1180.50, REMOVED FOR THIS FLIGHT, 879.38, 25.50, 25.00
15:39:43, 18, 1180.69, REMOVED FOR THIS FLIGHT, 879.40, 25.50, 25.12
15:40:44, 19, 1180.44, REMOVED FOR THIS FLIGHT, 879.39, 25.50, 25.12
15:41:44, 24, 1180.19, REMOVED FOR THIS FLIGHT, 879.41, 25.75, 25.25
15:42:45, 24, 1180.00, REMOVED FOR THIS FLIGHT, 879.43, 25.75, 25.31
15:43:45, 28, 1184.69, REMOVED FOR THIS FLIGHT, 879.05, 26.00, 25.44
15:44:46, 16, 1180.69, REMOVED FOR THIS FLIGHT, 879.35, 26.00, 25.50
15:45:46, 27, 1180.75, REMOVED FOR THIS FLIGHT, 879.39, 26.00, 25.62
15:46:47, 33, 1180.50, REMOVED FOR THIS FLIGHT, 879.38, 26.25, 25.69
15:47:47, 28, 1180.63, REMOVED FOR THIS FLIGHT, 879.36, 26.25, 25.75
15:48:48, 17, 1180.38, REMOVED FOR THIS FLIGHT, 879.38, 26.25, 25.81
15:49:48, 26, 1180.81, REMOVED FOR THIS FLIGHT, 879.37, 26.25, 25.87
15:50:49, 18, 1180.44, REMOVED FOR THIS FLIGHT, 879.35, 26.25, 25.87
15:51:50, 28, 1180.81, REMOVED FOR THIS FLIGHT, 879.32, 26.25, 25.94
15:52:50, 16, 1181.13, REMOVED FOR THIS FLIGHT, 879.27, 26.25, 25.94
15:53:51, 16, 1181.56, REMOVED FOR THIS FLIGHT, 879.23, 26.25, 25.94
15:54:51, 17, 1181.75, REMOVED FOR THIS FLIGHT, 879.27, 26.25, 26.00
15:55:52, 24, 1181.75, REMOVED FOR THIS FLIGHT, 879.26, 26.50, 26.00
15:56:52, 23, 1182.13, REMOVED FOR THIS FLIGHT, 879.17, 26.50, 26.06
15:57:53, 25, 1182.38, REMOVED FOR THIS FLIGHT, 879.19, 26.50, 26.12
15:58:53, 18, 1182.44, REMOVED FOR THIS FLIGHT, 879.16, 26.50, 26.19
15:59:54, 16, 1182.25, REMOVED FOR THIS FLIGHT, 879.17, 26.75, 26.25
16:0:54, 21, 1182.31, REMOVED FOR THIS FLIGHT, 879.17, 26.75, 26.31
16:1:55, 23, 1182.19, REMOVED FOR THIS FLIGHT, 879.19, 26.75, 26.37
16:2:55, 13, 1182.38, REMOVED FOR THIS FLIGHT, 879.14, 26.75, 26.37
16:3:56, 18, 1183.00, REMOVED FOR THIS FLIGHT, 879.08, 27.00, 26.44
16:4:56, 28, 1183.06, REMOVED FOR THIS FLIGHT, 879.09, 27.00, 26.50
16:5:57, 12, 1183.56, REMOVED FOR THIS FLIGHT, 879.02, 27.00, 26.56
16:6:57, 20, 1183.44, REMOVED FOR THIS FLIGHT, 879.03, 27.00, 26.56
16:7:58, 16, 1183.44, REMOVED FOR THIS FLIGHT, 879.09, 27.00, 26.62
16:8:58, 23, 1183.56, REMOVED FOR THIS FLIGHT, 879.03, 27.00, 26.69
16:9:59, 16, 1183.56, REMOVED FOR THIS FLIGHT, 879.04, 27.25, 26.75
16:11:0, 29, 1183.75, REMOVED FOR THIS FLIGHT, 879.06, 27.25, 26.75
16:12:0, 21, 1183.63, REMOVED FOR THIS FLIGHT, 879.01, 27.25, 26.75
16:13:1, 34, 1183.63, REMOVED FOR THIS FLIGHT, 879.01, 27.25, 26.81
16:14:1, 26, 1184.00, REMOVED FOR THIS FLIGHT, 879.05, 27.25, 26.81
16:15:2, 19, 1183.81, REMOVED FOR THIS FLIGHT, 879.04, 27.25, 26.87
16:16:2, 21, 1183.94, REMOVED FOR THIS FLIGHT, 879.05, 27.25, 26.87
16:17:3, 20, 1184.06, REMOVED FOR THIS FLIGHT, 879.03, 27.25, 26.94
16:18:3, 21, 1183.63, REMOVED FOR THIS FLIGHT, 879.02, 27.25, 26.94
16:19:4, 19, 1183.56, REMOVED FOR THIS FLIGHT, 879.10, 27.25, 27.00
16:20:4, 39, 1183.69, REMOVED FOR THIS FLIGHT, 879.05, 27.50, 27.06
16:21:5, 19, 1183.56, REMOVED FOR THIS FLIGHT, 879.07, 27.50, 27.12
16:22:5, 22, 1183.63, REMOVED FOR THIS FLIGHT, 879.07, 27.50, 27.19
16:23:6, 19, 1183.25, REMOVED FOR THIS FLIGHT, 879.06, 27.50, 27.25
16:24:6, 20, 1183.75, REMOVED FOR THIS FLIGHT, 879.05, 27.50, 27.25
16:25:7, 20, 1184.19, REMOVED FOR THIS FLIGHT, 878.98, 27.75, 27.31
16:26:7, 26, 1184.44, REMOVED FOR THIS FLIGHT, 878.95, 27.75, 27.31
16:27:8, 21, 1184.25, REMOVED FOR THIS FLIGHT, 878.97, 27.75, 27.37
16:28:8, 22, 1184.25, REMOVED FOR THIS FLIGHT, 878.97, 27.75, 27.37
16:29:9, 19, 1183.94, REMOVED FOR THIS FLIGHT, 878.96, 27.75, 27.37
16:30:9, 19, 1184.81, REMOVED FOR THIS FLIGHT, 878.92, 27.75, 27.44
16:31:10, 27, 1184.69, REMOVED FOR THIS FLIGHT, 878.88, 27.75, 27.44
16:32:11, 30, 1185.44, REMOVED FOR THIS FLIGHT, 878.85, 27.75, 27.44
16:33:11, 27, 1185.50, REMOVED FOR THIS FLIGHT, 878.80, 27.75, 27.44
16:34:12, 27, 1186.31, REMOVED FOR THIS FLIGHT, 878.79, 27.75, 27.50
16:35:12, 13, 1186.06, REMOVED FOR THIS FLIGHT, 878.76, 28.00, 27.56
16:36:13, 20, 1186.25, REMOVED FOR THIS FLIGHT, 878.75, 28.00, 27.56
16:37:13, 21, 1186.44, REMOVED FOR THIS FLIGHT, 878.78, 28.00, 27.62
16:38:14, 23, 1186.19, REMOVED FOR THIS FLIGHT, 878.77, 28.00, 27.62
16:39:14, 9, 1186.31, REMOVED FOR THIS FLIGHT, 878.75, 28.00, 27.62
16:40:15, 31, 1186.25, REMOVED FOR THIS FLIGHT, 878.77, 28.00, 27.62
16:41:15, 21, 1186.69, REMOVED FOR THIS FLIGHT, 878.73, 28.00, 27.62
16:42:16, 17, 1186.50, REMOVED FOR THIS FLIGHT, 878.74, 28.00, 27.62
16:43:16, 16, 1186.56, REMOVED FOR THIS FLIGHT, 878.71, 28.00, 27.56
16:44:17, 28, 1186.63, REMOVED FOR THIS FLIGHT, 878.71, 27.75, 27.62
16:45:17, 23, 1187.00, REMOVED FOR THIS FLIGHT, 878.68, 27.75, 27.56
16:46:18, 18, 1187.06, REMOVED FOR THIS FLIGHT, 878.70, 27.75, 27.56
16:47:18, 25, 1187.38, REMOVED FOR THIS FLIGHT, 878.66, 27.75, 27.50
16:48:19, 20, 1187.88, REMOVED FOR THIS FLIGHT, 878.59, 27.75, 27.50
16:49:19, 21, 1187.94, REMOVED FOR THIS FLIGHT, 878.59, 27.75, 27.50
16:50:20, 21, 1187.94, REMOVED FOR THIS FLIGHT, 878.55, 27.75, 27.50
16:51:21, 20, 1188.44, REMOVED FOR THIS FLIGHT, 878.52, 27.75, 27.50
16:52:21, 19, 1188.19, REMOVED FOR THIS FLIGHT, 878.54, 27.75, 27.44
16:53:22, 15, 1188.06, REMOVED FOR THIS FLIGHT, 878.54, 27.75, 27.44
16:54:22, 21, 1188.06, REMOVED FOR THIS FLIGHT, 878.59, 27.75, 27.44
16:55:23, 18, 1187.88, REMOVED FOR THIS FLIGHT, 878.55, 27.75, 27.37
16:56:23, 24, 1187.81, REMOVED FOR THIS FLIGHT, 878.57, 27.75, 27.37
16:57:24, 18, 1187.56, REMOVED FOR THIS FLIGHT, 878.63, 27.75, 27.37
16:58:24, 21, 1187.13, REMOVED FOR THIS FLIGHT, 878.64, 27.75, 27.31
16:59:25, 34, 1186.88, REMOVED FOR THIS FLIGHT, 878.66, 27.75, 27.31
17:0:25, 21, 1187.38, REMOVED FOR THIS FLIGHT, 878.66, 27.75, 27.25
17:1:26, 18, 1187.69, REMOVED FOR THIS FLIGHT, 878.60, 27.50, 27.19
17:2:26, 20, 1187.63, REMOVED FOR THIS FLIGHT, 878.57, 27.50, 27.12
17:3:27, 19, 1188.19, REMOVED FOR THIS FLIGHT, 878.57, 27.50, 27.06
17:4:27, 27, 1188.63, REMOVED FOR THIS FLIGHT, 878.53, 27.50, 27.06
17:5:28, 17, 1188.88, REMOVED FOR THIS FLIGHT, 878.48, 27.50, 27.00
17:6:28, 35, 1188.69, REMOVED FOR THIS FLIGHT, 878.48, 27.50, 27.00
17:7:29, 22, 1188.63, REMOVED FOR THIS FLIGHT, 878.50, 27.50, 27.00
17:8:29, 18, 1188.81, REMOVED FOR THIS FLIGHT, 878.48, 27.50, 27.00
17:9:30, 23, 1188.63, REMOVED FOR THIS FLIGHT, 878.51, 27.50, 26.94
17:10:30, 24, 1188.81, REMOVED FOR THIS FLIGHT, 878.50, 27.50, 26.94
17:11:31, 14, 1188.75, REMOVED FOR THIS FLIGHT, 878.51, 27.50, 26.94
17:12:32, 22, 1188.69, REMOVED FOR THIS FLIGHT, 878.53, 27.50, 26.94
17:13:32, 31, 1188.56, REMOVED FOR THIS FLIGHT, 878.52, 27.25, 26.87
17:14:33, 21, 1188.31, REMOVED FOR THIS FLIGHT, 878.52, 27.25, 26.87
17:15:33, 15, 1188.75, REMOVED FOR THIS FLIGHT, 878.50, 27.25, 26.81
17:16:34, 17, 1188.63, REMOVED FOR THIS FLIGHT, 878.52, 27.25, 26.81
17:17:34, 18, 1189.06, REMOVED FOR THIS FLIGHT, 878.46, 27.25, 26.81
17:18:35, 26, 1188.56, REMOVED FOR THIS FLIGHT, 878.51, 27.25, 26.75
17:19:35, 16, 1189.00, REMOVED FOR THIS FLIGHT, 878.54, 27.25, 26.75
17:20:36, 22, 1188.44, REMOVED FOR THIS FLIGHT, 878.53, 27.00, 26.69
17:21:36, 17, 1188.63, REMOVED FOR THIS FLIGHT, 878.53, 27.00, 26.62
17:22:37, 24, 1188.38, REMOVED FOR THIS FLIGHT, 878.56, 27.00, 26.56
17:23:37, 29, 1188.94, REMOVED FOR THIS FLIGHT, 878.51, 27.00, 26.56
17:24:38, 22, 1188.81, REMOVED FOR THIS FLIGHT, 878.51, 27.00, 26.50
17:25:38, 27, 1189.06, REMOVED FOR THIS FLIGHT, 878.49, 27.00, 26.50
17:26:39, 21, 1189.13, REMOVED FOR THIS FLIGHT, 878.42, 27.00, 26.44
17:27:39, 18, 1189.69, REMOVED FOR THIS FLIGHT, 878.41, 27.00, 26.44
17:28:40, 30, 1189.69, REMOVED FOR THIS FLIGHT, 878.37, 27.00, 26.44
17:29:40, 19, 1190.19, REMOVED FOR THIS FLIGHT, 878.36, 27.00, 26.44
17:30:41, 23, 1190.06, REMOVED FOR THIS FLIGHT, 878.36, 27.00, 26.44
17:31:41, 23, 1190.00, REMOVED FOR THIS FLIGHT, 878.38, 27.00, 26.44
17:32:42, 15, 1189.38, REMOVED FOR THIS FLIGHT, 878.41, 26.75, 26.44
17:33:43, 22, 1189.44, REMOVED FOR THIS FLIGHT, 878.44, 26.75, 26.37
17:34:43, 24, 1189.00, REMOVED FOR THIS FLIGHT, 878.42, 26.75, 26.37
17:35:44, 20, 1189.25, REMOVED FOR THIS FLIGHT, 878.42, 26.75, 26.37
17:36:44, 26, 1189.25, REMOVED FOR THIS FLIGHT, 878.43, 26.75, 26.31
17:37:45, 27, 1189.56, REMOVED FOR THIS FLIGHT, 878.38, 26.50, 26.31
17:38:45, 24, 1189.50, REMOVED FOR THIS FLIGHT, 878.41, 26.50, 26.25
17:39:46, 28, 1189.75, REMOVED FOR THIS FLIGHT, 878.36, 26.50, 26.19
17:40:46, 36, 1190.00, REMOVED FOR THIS FLIGHT, 878.36, 26.50, 26.19
